{"cameraMode":{"drawMode":0,"name":"Shaded","section":"Shading Mode"},"sceneLighting":true,"audioPlay":false,"sceneViewState":{"showFog":true,"showMaterialUpdate":false,"showSkybox":false,"showFlares":true,"showImageEffects":true,"showParticleSystems":true},"in2DMode":false,"pivot":{"x":-0.7829999923706055,"y":0.939000129699707,"z":1.2539997100830079},"rotation":{"x":0.010506107471883297,"y":-0.8435553908348084,"z":0.016438933089375497,"w":0.5367633700370789},"size":12.12435531616211,"orthographic":false}