{"cameraMode":{"drawMode":0,"name":"Shaded","section":"Shading Mode"},"sceneLighting":false,"audioPlay":false,"sceneViewState":{"showFog":true,"showMaterialUpdate":false,"showSkybox":false,"showFlares":true,"showImageEffects":true,"showParticleSystems":true},"in2DMode":false,"pivot":{"x":3.2959227561950685,"y":0.5259324908256531,"z":-0.19328215718269349},"rotation":{"x":0.02311970666050911,"y":0.8999366164207459,"z":-0.4371747672557831,"w":-0.03738952428102493},"size":0.0714142695069313,"orthographic":false}