{"cameraMode":{"drawMode":0,"name":"Shaded","section":"Shading Mode"},"sceneLighting":true,"audioPlay":false,"sceneViewState":{"showFog":true,"showMaterialUpdate":false,"showSkybox":true,"showFlares":true,"showImageEffects":true,"showParticleSystems":true},"in2DMode":false,"pivot":{"x":-0.2955808639526367,"y":9.15181827545166,"z":7.813547134399414},"rotation":{"x":0.0945691168308258,"y":-0.7871195673942566,"z":0.13975927233695985,"w":0.594685435295105},"size":5.042322158813477,"orthographic":false}