{"cameraMode":{"drawMode":0,"name":"Shaded","section":"Shading Mode"},"sceneLighting":false,"audioPlay":false,"sceneViewState":{"showFog":true,"showMaterialUpdate":false,"showSkybox":false,"showFlares":true,"showImageEffects":true,"showParticleSystems":true},"in2DMode":false,"pivot":{"x":0.1420000046491623,"y":0.09399999678134918,"z":0.1899999976158142},"rotation":{"x":-0.011272493749856949,"y":0.9885537028312683,"z":-0.09369207918643952,"w":-0.11822792887687683},"size":10.0,"orthographic":false}