{"cameraMode":{"drawMode":0,"name":"Shaded","section":"Shading Mode"},"sceneLighting":true,"audioPlay":false,"sceneViewState":{"showFog":true,"showMaterialUpdate":false,"showSkybox":true,"showFlares":true,"showImageEffects":true,"showParticleSystems":true},"in2DMode":false,"pivot":{"x":-10.950312614440918,"y":16.993270874023439,"z":-0.5903681516647339},"rotation":{"x":-0.06134270876646042,"y":0.8568156957626343,"z":-0.1048876941204071,"w":-0.5011012554168701},"size":17.842092514038087,"orthographic":false}