{"cameraMode":{"drawMode":0,"name":"Shaded","section":"Shading Mode"},"sceneLighting":true,"audioPlay":false,"sceneViewState":{"showFog":true,"showMaterialUpdate":false,"showSkybox":true,"showFlares":true,"showImageEffects":true,"showParticleSystems":true},"in2DMode":false,"pivot":{"x":304.09710693359377,"y":-146.7493438720703,"z":28.13142967224121},"rotation":{"x":-0.14580869674682618,"y":-0.4143511652946472,"z":-0.06755483895540238,"w":0.8958600163459778},"size":10.0,"orthographic":false}